timestamp,temperature,humidity,temp_rate,humi_rate,predicted_label,real_label,confidence_score,prob_bg,prob_nuisance,prob_fire,inference_time_ms,memory_usage_bytes
2026-05-06 08:00:00,28.53,74.81,0.0,0.0,0,0,0.9322,0.9322,0.0678,0.0,0.33,1000
2026-05-06 08:00:05,28.59,75.0,0.0111,0.0353,0,0,0.9172,0.9172,0.0828,0.0,1.15,1000
2026-05-06 08:00:10,28.57,74.54,-0.004,-0.0919,0,0,0.9433,0.9433,0.0567,0.0,1.15,1000
2026-05-06 08:00:15,28.46,74.64,-0.022,0.02,0,0,0.928,0.928,0.072,0.0,1.15,1000
2026-05-06 08:00:20,28.55,74.78,0.018,0.028,0,0,0.9228,0.9228,0.0772,0.0,0.32,1000
2026-05-06 08:00:25,28.56,75.19,0.002,0.0819,0,0,0.9021,0.9021,0.0979,0.0,1.15,1000
2026-05-06 08:00:30,28.66,74.78,0.02,-0.0819,0,0,0.9428,0.9428,0.0572,0.0,1.15,1000
2026-05-06 08:00:35,28.56,74.94,-0.02,0.032,0,0,0.9284,0.9284,0.0716,0.0,1.15,1000
2026-05-06 08:00:40,28.66,74.87,0.02,-0.014,0,0,0.9217,0.9217,0.0783,0.0,1.15,1000
2026-05-06 08:00:45,28.58,75.0,-0.016,0.026,0,0,0.9301,0.9301,0.0699,0.0,1.15,1000
2026-05-06 08:00:50,28.57,74.96,-0.002,-0.008,0,0,0.9359,0.9359,0.0641,0.0,1.15,1000
2026-05-06 08:00:55,28.47,75.02,-0.02,0.012,0,0,0.9297,0.9297,0.0703,0.0,1.26,1000
2026-05-06 08:01:00,28.62,75.07,0.03,0.01,0,0,0.9012,0.9012,0.0988,0.0,1.15,1000
2026-05-06 08:01:05,28.62,74.8,0.0,-0.0539,0,0,0.9417,0.9417,0.0583,0.0,1.15,1000
2026-05-06 08:01:10,28.52,75.0,-0.02,0.0399,0,0,0.928,0.928,0.072,0.0,1.15,1000
2026-05-06 08:01:15,28.66,74.65,0.028,-0.0699,0,0,0.9359,0.9359,0.0641,0.0,1.15,1000
2026-05-06 08:01:20,28.52,75.05,-0.028,0.0799,0,0,0.915,0.915,0.085,0.0,1.15,1000
2026-05-06 08:01:25,28.65,74.63,0.026,-0.0839,0,0,0.938,0.938,0.062,0.0,1.15,1000
2026-05-06 08:01:30,28.4,74.9,-0.0555,0.0599,0,0,0.9304,0.9304,0.0696,0.0,1.16,1000
2026-05-06 08:01:35,28.63,75.42,0.0459,0.1039,0,1,0.7449,0.7449,0.2551,0.0,1.15,1000
2026-05-06 08:01:40,28.5,76.48,-0.026,0.2117,1,1,0.9785,0.0215,0.9785,0.0,1.16,1000
2026-05-06 08:01:45,28.65,76.57,0.03,0.018,1,1,0.9975,0.0025,0.9975,0.0,1.15,1000
2026-05-06 08:01:50,28.72,76.9,0.014,0.0659,1,1,0.9995,0.0005,0.9995,0.0,1.15,1000
2026-05-06 08:01:55,28.69,77.47,-0.006,0.1138,1,1,0.9999,0.0001,0.9999,0.0,1.15,1000
2026-05-06 08:02:00,28.56,77.79,-0.026,0.0639,1,1,1.0,0.0,1.0,0.0,1.15,1000
2026-05-06 08:02:05,28.69,78.03,0.026,0.0479,1,1,1.0,0.0,1.0,0.0,1.15,1000
2026-05-06 08:02:10,28.68,78.53,-0.002,0.0999,1,1,1.0,0.0,1.0,0.0,1.15,1000
2026-05-06 08:02:15,28.59,78.98,-0.018,0.0899,1,1,1.0,0.0,1.0,0.0,1.15,1000
2026-05-06 08:02:20,29.04,79.11,0.0899,0.026,1,1,1.0,0.0,1.0,0.0,1.15,1000
2026-05-06 08:02:25,28.78,79.22,-0.0519,0.022,1,1,1.0,0.0,1.0,0.0,1.15,1000
2026-05-06 08:02:30,28.7,79.21,-0.016,-0.002,1,1,1.0,0.0,1.0,0.0,1.15,1000
2026-05-06 08:02:35,28.89,79.4,0.0379,0.0379,1,1,1.0,0.0,1.0,0.0,1.15,1000
2026-05-06 08:02:40,28.92,79.67,0.006,0.0539,1,1,1.0,0.0,1.0,0.0,1.15,1000
2026-05-06 08:02:45,28.8,79.61,-0.024,-0.012,1,1,1.0,0.0,1.0,0.0,1.15,1000
2026-05-06 08:02:50,28.94,79.42,0.028,-0.0379,1,1,1.0,0.0,1.0,0.0,1.15,1000
2026-05-06 08:02:55,28.96,79.45,0.004,0.006,1,1,1.0,0.0,1.0,0.0,1.15,1000
2026-05-06 08:03:00,28.85,79.28,-0.022,-0.034,1,1,1.0,0.0,1.0,0.0,1.15,1000
2026-05-06 08:03:05,28.82,79.42,-0.006,0.028,1,1,1.0,0.0,1.0,0.0,0.34,1000
2026-05-06 08:03:10,28.92,79.14,0.02,-0.056,1,1,1.0,0.0,1.0,0.0,1.15,1000
2026-05-06 08:03:15,28.61,74.59,-0.0619,-0.9087,0,0,0.9988,0.9988,0.0012,0.0,1.15,1000
2026-05-06 08:03:20,28.61,74.69,0.0,0.02,0,0,0.9244,0.9244,0.0756,0.0,1.15,1000
2026-05-06 08:03:25,28.5,74.64,-0.022,-0.01,0,0,0.9341,0.9341,0.0659,0.0,1.15,1000
2026-05-06 08:03:30,28.66,75.01,0.032,0.0739,0,0,0.9013,0.9013,0.0987,0.0,1.15,1000
2026-05-06 08:03:35,28.58,74.68,-0.016,-0.0659,0,0,0.9439,0.9439,0.0561,0.0,1.15,1000
2026-05-06 08:03:40,28.78,74.52,0.0399,-0.032,0,0,0.896,0.896,0.104,0.0,1.15,1000
2026-05-06 08:03:45,28.62,74.5,-0.032,-0.004,0,0,0.9302,0.9302,0.0698,0.0,1.15,1000
2026-05-06 08:03:50,28.6,74.68,-0.004,0.0359,0,0,0.9207,0.9207,0.0793,0.0,1.15,1000
2026-05-06 08:03:55,28.59,74.36,-0.002,-0.0639,0,0,0.9369,0.9369,0.0631,0.0,1.15,1000
2026-05-06 08:04:00,28.55,74.34,-0.008,-0.004,0,0,0.9251,0.9251,0.0749,0.0,1.15,1000
2026-05-06 08:04:05,28.7,74.4,0.03,0.012,0,0,0.9158,0.9158,0.0842,0.0,1.15,1000
2026-05-06 08:04:10,28.65,74.24,-0.01,-0.032,0,0,0.9288,0.9288,0.0712,0.0,1.15,1000
2026-05-06 08:04:15,28.61,74.64,-0.008,0.0799,0,0,0.9058,0.9058,0.0942,0.0,1.15,1000
2026-05-06 08:04:20,28.68,74.47,0.014,-0.034,0,0,0.9302,0.9302,0.0698,0.0,1.15,1000
2026-05-06 08:04:25,28.7,74.39,0.004,-0.016,0,0,0.9259,0.9259,0.0741,0.0,1.15,1000
2026-05-06 08:04:30,28.76,72.19,0.012,-0.4394,0,1,0.9293,0.9293,0.0707,0.0,2.06,1000
2026-05-06 08:04:35,29.07,71.5,0.062,-0.1379,0,1,0.6899,0.6899,0.3101,0.0,1.15,1000
2026-05-06 08:04:40,29.29,71.59,0.0439,0.018,0,1,0.9138,0.9138,0.0862,0.0,1.15,1000
2026-05-06 08:04:45,29.56,70.81,0.0539,-0.1558,0,1,0.6838,0.6838,0.3162,0.0,1.15,1000
2026-05-06 08:04:50,29.74,70.9,0.0359,0.018,0,1,0.8357,0.8357,0.1643,0.0,1.15,1000
2026-05-06 08:04:55,30.04,70.81,0.0599,-0.018,1,1,0.9904,0.0096,0.9904,0.0,1.15,1000
2026-05-06 08:05:00,30.1,70.4,0.012,-0.0819,1,1,0.992,0.008,0.992,0.0,1.15,1000
2026-05-06 08:05:05,30.36,70.51,0.0519,0.022,1,1,0.9988,0.0012,0.9988,0.0,1.15,1000
2026-05-06 08:05:10,30.48,70.0,0.024,-0.1019,1,1,0.9997,0.0003,0.9997,0.0,1.15,1000
2026-05-06 08:05:15,30.55,69.83,0.014,-0.034,1,1,0.9998,0.0002,0.9998,0.0,1.15,1000
2026-05-06 08:05:20,30.72,69.99,0.034,0.032,1,1,0.9999,0.0001,0.9999,0.0001,1.15,1000
2026-05-06 08:05:25,30.63,69.87,-0.018,-0.024,1,1,0.9997,0.0003,0.9997,0.0,1.15,1000
2026-05-06 08:05:30,30.85,70.33,0.0439,0.0919,1,1,0.9999,0.0,0.9999,0.0001,1.15,1000
2026-05-06 08:05:35,30.76,70.44,-0.018,0.022,1,1,0.9997,0.0003,0.9997,0.0,1.15,1000
2026-05-06 08:05:40,30.81,70.29,0.01,-0.03,1,1,1.0,0.0,1.0,0.0,1.66,1000
2026-05-06 08:05:45,30.83,70.36,0.004,0.014,1,1,0.9998,0.0001,0.9998,0.0,1.15,1000
2026-05-06 08:05:50,30.85,70.42,0.004,0.012,1,1,0.9998,0.0001,0.9998,0.0,1.15,1000
2026-05-06 08:05:55,30.73,70.13,-0.024,-0.0579,1,1,0.9998,0.0002,0.9998,0.0,1.15,1000
2026-05-06 08:06:00,29.16,70.69,-0.3136,0.1118,0,0,1.0,1.0,0.0,0.0,1.15,1000
2026-05-06 08:06:05,29.19,70.67,0.006,-0.004,0,0,0.9243,0.9243,0.0757,0.0,1.15,1000
2026-05-06 08:06:10,29.26,70.57,0.014,-0.02,0,0,0.9296,0.9296,0.0704,0.0,1.15,1000
2026-05-06 08:06:15,29.14,70.76,-0.024,0.0379,0,0,0.9116,0.9116,0.0884,0.0,1.15,1000
2026-05-06 08:06:20,29.28,70.16,0.028,-0.1198,0,0,0.8843,0.8843,0.1157,0.0,1.15,1000
2026-05-06 08:06:25,29.32,71.29,0.008,0.2257,0,0,0.8165,0.8165,0.1835,0.0,1.15,1000
2026-05-06 08:06:30,29.33,70.71,0.002,-0.1158,0,0,0.9283,0.9283,0.0717,0.0,1.15,1000
2026-05-06 08:06:35,29.08,70.37,-0.0499,-0.0679,0,0,0.9223,0.9223,0.0777,0.0,0.28,1000
2026-05-06 08:06:40,29.13,70.46,0.01,0.018,0,0,0.9226,0.9226,0.0774,0.0,1.15,1000
2026-05-06 08:06:45,29.29,70.83,0.032,0.0739,0,0,0.9221,0.9221,0.0779,0.0,1.15,1000
2026-05-06 08:06:50,29.25,70.4,-0.008,-0.0859,0,0,0.9311,0.9311,0.0689,0.0,1.15,1000
2026-05-06 08:06:55,29.3,70.4,0.01,0.0,0,0,0.7636,0.7636,0.2364,0.0,1.66,1000
2026-05-06 08:07:00,29.19,70.4,-0.022,0.0,0,0,0.92,0.92,0.08,0.0,1.15,1000
2026-05-06 08:07:05,29.24,69.98,0.01,-0.0839,0,0,0.9018,0.9018,0.0982,0.0,1.15,1000
2026-05-06 08:07:10,29.33,70.95,0.018,0.1937,0,0,0.7795,0.7795,0.2205,0.0,1.15,1000
2026-05-06 08:07:15,29.2,70.72,-0.026,-0.0459,0,0,0.9253,0.9253,0.0747,0.0,1.15,1000
2026-05-06 08:07:20,28.69,73.6,-0.1019,0.5752,0,1,1.0,1.0,0.0,0.0,1.15,1000
2026-05-06 08:07:25,28.69,74.04,0.0,0.0879,0,1,0.8844,0.8844,0.1156,0.0,0.36,1000
2026-05-06 08:07:30,28.7,73.9,0.002,-0.028,0,1,0.9191,0.9191,0.0809,0.0,1.15,1000
2026-05-06 08:07:35,28.75,74.11,0.01,0.0419,0,1,0.9034,0.9034,0.0966,0.0,1.15,1000
2026-05-06 08:07:40,28.71,73.78,-0.0089,-0.0732,0,1,0.9276,0.9276,0.0724,0.0,1.16,1000
2026-05-06 08:07:45,28.74,74.05,0.006,0.0539,0,1,0.8989,0.8989,0.1011,0.0,1.15,1000
2026-05-06 08:07:50,28.67,74.38,-0.014,0.0659,0,1,0.904,0.904,0.096,0.0,0.29,1000
2026-05-06 08:07:55,28.66,74.27,-0.002,-0.022,0,1,0.9261,0.9261,0.0739,0.0,1.15,1000
2026-05-06 08:08:00,28.63,73.72,-0.006,-0.1098,0,0,0.9298,0.9298,0.0702,0.0,1.15,1000
2026-05-06 08:08:05,28.81,74.53,0.0359,0.1618,0,0,0.7501,0.7501,0.2499,0.0,1.15,1000
2026-05-06 08:08:10,28.84,74.17,0.006,-0.0719,0,0,0.9324,0.9324,0.0676,0.0,1.15,1000
2026-05-06 08:08:15,28.9,74.32,0.012,0.03,0,0,0.8871,0.8871,0.1129,0.0,1.15,1000
2026-05-06 08:08:20,28.85,74.47,-0.01,0.03,0,0,0.8957,0.8957,0.1043,0.0,1.15,1000
2026-05-06 08:08:25,29.0,70.53,0.03,-0.7869,0,0,1.0,1.0,0.0,0.0,1.15,1000
2026-05-06 08:08:30,29.13,71.07,0.026,0.1078,0,0,0.8846,0.8846,0.1154,0.0,1.15,1000
2026-05-06 08:08:35,29.1,70.78,-0.006,-0.0579,0,0,0.922,0.922,0.078,0.0,1.15,1000
2026-05-06 08:08:40,29.17,71.43,0.014,0.1298,0,0,0.8547,0.8547,0.1453,0.0,0.29,1000
2026-05-06 08:08:45,29.11,71.17,-0.012,-0.052,0,0,0.9181,0.9181,0.0819,0.0,1.15,1000
2026-05-06 08:08:50,29.18,71.29,0.014,0.024,0,0,0.9137,0.9137,0.0863,0.0,1.15,1000
2026-05-06 08:08:55,29.04,71.31,-0.028,0.004,0,0,0.9005,0.9005,0.0995,0.0,1.15,1000
2026-05-06 08:09:00,29.25,71.11,0.0419,-0.0399,0,0,0.9105,0.9105,0.0895,0.0,1.15,1000
2026-05-06 08:09:05,29.2,71.34,-0.01,0.0459,0,0,0.9028,0.9028,0.0972,0.0,1.15,1000
2026-05-06 08:09:10,29.19,70.87,-0.002,-0.0939,0,0,0.9236,0.9236,0.0764,0.0,1.15,1000
2026-05-06 08:09:15,33.09,69.34,0.7789,-0.3056,2,2,1.0,0.0,0.0,1.0,1.15,1000
2026-05-06 08:09:20,35.84,67.49,0.5492,-0.3695,2,2,1.0,0.0,0.0,1.0,1.15,1000
2026-05-06 08:09:25,37.96,65.92,0.4234,-0.3136,2,2,1.0,0.0,0.0,1.0,1.15,1000
2026-05-06 08:09:30,39.23,65.67,0.2536,-0.0499,2,2,1.0,0.0,0.0,1.0,1.02,1000
2026-05-06 08:09:35,39.86,64.35,0.1258,-0.2636,2,2,0.9997,0.0,0.0003,0.9997,1.15,1000
2026-05-06 08:09:40,40.3,64.1,0.0879,-0.0499,2,2,0.654,0.0,0.346,0.654,1.15,1000
2026-05-06 08:09:45,40.37,64.12,0.014,0.004,1,2,0.8493,0.0,0.8493,0.1507,1.15,1000
2026-05-06 08:09:50,40.39,63.69,0.004,-0.0859,1,2,0.7833,0.0,0.7833,0.2167,1.15,1000
2026-05-06 08:09:55,40.52,63.0,0.026,-0.1378,1,1,0.7067,0.0,0.7067,0.2933,1.15,1000
2026-05-06 08:10:00,41.0,62.93,0.0959,-0.014,2,1,0.605,0.0,0.395,0.605,1.15,1000
2026-05-06 08:10:05,40.96,62.56,-0.008,-0.0739,1,1,0.824,0.0,0.824,0.176,1.19,1000
2026-05-06 08:10:10,41.2,62.74,0.0479,0.0359,1,1,0.8843,0.0,0.8843,0.1157,1.15,1000
2026-05-06 08:10:15,41.24,62.75,0.008,0.002,1,1,0.8808,0.0,0.8808,0.1192,1.15,1000
2026-05-06 08:10:20,41.21,62.32,-0.006,-0.0859,1,1,0.824,0.0,0.824,0.176,1.15,1000
2026-05-06 08:10:25,41.19,62.12,-0.004,-0.0399,1,1,0.8613,0.0,0.8613,0.1387,1.4,1000
2026-05-06 08:10:30,41.36,61.67,0.0339,-0.0899,0,1,1.0,1.0,0.0,0.0,1.33,1000
2026-05-06 08:10:35,41.42,61.73,0.012,0.012,1,1,0.8999,0.0,0.8999,0.1001,1.15,1000
2026-05-06 08:10:40,41.26,62.21,-0.032,0.0959,1,1,0.908,0.0,0.908,0.092,1.15,1000
2026-05-06 08:10:45,28.56,71.83,-2.5364,1.9213,0,0,1.0,1.0,0.0,0.0,1.13,1000
2026-05-06 08:10:50,28.66,71.24,0.02,-0.1179,0,0,0.9035,0.9035,0.0965,0.0,1.15,1000
2026-05-06 08:10:55,28.58,72.1,-0.016,0.1718,0,0,0.8752,0.8752,0.1248,0.0,1.15,1000
2026-05-06 08:11:00,28.62,71.95,0.008,-0.03,0,0,0.903,0.903,0.097,0.0,1.15,1000
2026-05-06 08:11:05,28.57,71.54,-0.01,-0.0819,0,0,0.9105,0.9105,0.0895,0.0,1.15,1000
2026-05-06 08:11:10,28.64,72.04,0.014,0.0999,0,0,0.8694,0.8694,0.1306,0.0,1.15,1000
2026-05-06 08:11:15,28.56,71.87,-0.016,-0.034,0,0,0.9089,0.9089,0.0911,0.0,1.15,1000
2026-05-06 08:11:20,28.67,71.5,0.022,-0.0739,0,0,0.9052,0.9052,0.0948,0.0,1.15,1000
2026-05-06 08:11:25,28.6,72.02,-0.014,0.1039,0,0,0.8588,0.8588,0.1412,0.0,1.15,1000
2026-05-06 08:11:30,28.74,71.95,0.028,-0.014,0,0,0.8937,0.8937,0.1063,0.0,1.15,1000
2026-05-06 08:11:35,28.75,72.08,0.002,0.026,0,0,0.8878,0.8878,0.1122,0.0,1.15,1000
2026-05-06 08:11:40,28.57,72.2,-0.0359,0.024,0,0,0.8878,0.8878,0.1122,0.0,1.15,1000
2026-05-06 08:11:45,28.68,72.37,0.022,0.034,0,0,0.8865,0.8865,0.1135,0.0,1.15,1000
2026-05-06 08:11:50,28.72,71.62,0.008,-0.1498,0,0,0.9097,0.9097,0.0903,0.0,1.15,1000
2026-05-06 08:11:55,28.72,71.94,0.0,0.0639,0,0,0.8748,0.8748,0.1252,0.0,1.15,1000
2026-05-06 08:12:00,31.11,73.48,0.4773,0.3076,2,2,1.0,0.0,0.0,1.0,1.15,1000
2026-05-06 08:12:05,32.79,72.61,0.3355,-0.1738,2,2,1.0,0.0,0.0,1.0,1.15,1000
2026-05-06 08:12:10,34.29,71.72,0.2996,-0.1778,2,2,1.0,0.0,0.0,1.0,1.15,1000
2026-05-06 08:12:15,34.46,71.48,0.034,-0.0479,1,1,0.5471,0.0,0.5471,0.4529,1.15,1000
2026-05-06 08:12:20,34.63,71.74,0.034,0.0519,1,1,0.5509,0.0,0.5509,0.4491,1.15,1000
2026-05-06 08:12:25,34.94,71.43,0.0619,-0.0619,2,1,0.7425,0.0,0.2575,0.7425,1.15,1000
2026-05-06 08:12:30,35.07,70.94,0.026,-0.0979,1,1,0.5374,0.0,0.5374,0.4626,1.15,1000
2026-05-06 08:12:35,35.17,71.11,0.02,0.034,1,1,0.5818,0.0,0.5818,0.4182,1.15,1000
2026-05-06 08:12:40,35.16,71.08,-0.002,-0.006,1,1,0.5557,0.0,0.5557,0.4443,1.15,1000
2026-05-06 08:12:45,35.28,70.98,0.024,-0.02,1,1,0.5854,0.0,0.5854,0.4146,1.15,1000
2026-05-06 08:12:50,35.11,70.94,-0.034,-0.008,1,1,0.5258,0.0,0.5258,0.4742,1.15,1000
2026-05-06 08:12:55,35.36,71.08,0.0499,0.028,1,1,0.5606,0.0,0.5606,0.4394,1.15,1000
2026-05-06 08:13:00,35.24,70.77,-0.024,-0.0619,1,1,0.5286,0.0,0.5286,0.4714,1.15,1000
2026-05-06 08:13:05,35.23,70.8,-0.002,0.006,1,1,0.5792,0.0,0.5792,0.4208,1.19,1000
2026-05-06 08:13:10,35.34,70.42,0.022,-0.0759,1,1,0.5722,0.0,0.5722,0.4278,1.15,1000
2026-05-06 08:13:15,35.38,70.85,0.008,0.0859,0,1,1.0,1.0,0.0,0.0,2.22,1000
2026-05-06 08:13:20,35.46,70.82,0.016,-0.006,1,1,0.5952,0.0,0.5952,0.4048,1.15,1000
2026-05-06 08:13:25,29.45,71.5,-1.2003,0.1358,0,0,1.0,1.0,0.0,0.0,1.15,1000
2026-05-06 08:13:30,29.41,70.92,-0.008,-0.1158,0,0,0.9292,0.9292,0.0708,0.0,1.15,1000
2026-05-06 08:13:35,29.47,70.63,0.012,-0.0579,0,0,0.9349,0.9349,0.0651,0.0,1.15,1000
2026-05-06 08:13:40,29.49,71.2,0.004,0.1138,0,0,0.8921,0.8921,0.1079,0.0,1.15,1000
2026-05-06 08:13:45,29.57,70.89,0.0178,-0.0688,0,0,0.9265,0.9265,0.0735,0.0,1.15,1000
2026-05-06 08:13:50,29.58,70.66,0.002,-0.0459,0,0,0.9204,0.9204,0.0796,0.0,1.15,1000
2026-05-06 08:13:55,29.44,70.57,-0.028,-0.018,0,0,1.0,1.0,0.0,0.0,2.19,1000
2026-05-06 08:14:00,29.5,71.09,0.012,0.1039,0,0,0.9016,0.9016,0.0984,0.0,1.15,1000
2026-05-06 08:14:05,29.46,71.0,-0.008,-0.018,0,0,0.9273,0.9273,0.0727,0.0,1.15,1000
2026-05-06 08:14:10,29.5,70.81,0.008,-0.0379,0,0,0.9335,0.9335,0.0665,0.0,1.15,1000
2026-05-06 08:14:15,29.53,70.61,0.006,-0.0399,0,0,0.9366,0.9366,0.0634,0.0,1.15,1000
2026-05-06 08:14:20,29.62,71.1,0.018,0.0978,0,0,0.9072,0.9072,0.0928,0.0,1.15,1000
2026-05-06 08:14:25,29.53,70.95,-0.018,-0.03,0,0,0.9306,0.9306,0.0694,0.0,1.15,1000
2026-05-06 08:14:30,29.62,70.63,0.018,-0.0639,0,0,0.9061,0.9061,0.0939,0.0,1.15,1000
2026-05-06 08:14:35,29.47,70.8,-0.03,0.034,0,0,0.9318,0.9318,0.0682,0.0,1.15,1000
2026-05-06 08:14:40,29.58,71.53,0.022,0.1458,0,0,0.8171,0.8171,0.1829,0.0,1.15,1000
2026-05-06 08:14:45,29.57,71.07,-0.002,-0.0919,0,0,0.9175,0.9175,0.0825,0.0,1.15,1000
2026-05-06 08:14:50,29.75,70.56,0.0359,-0.1019,1,0,0.5479,0.4521,0.5479,0.0,1.15,1000
2026-05-06 08:14:55,29.52,71.19,-0.0459,0.1258,0,0,0.9696,0.9696,0.0304,0.0,1.15,1000
2026-05-06 08:15:00,29.51,70.74,-0.002,-0.0899,0,0,0.9298,0.9298,0.0702,0.0,0.36,1000
